Date,Open,High,Low,Close/Price,Volume
4/18/2019,65,66,60.32,62,25764659
4/22/2019,61,68.9,59.94,65.7,9949738
4/23/2019,66.87,74.17,65.55,69,6786513
4/24/2019,71.4,71.5,63.16,63.2,4973529
4/25/2019,64.74,66.85,62.6,65,3863275
4/26/2019,66.12,66.99,63.6,66.22,1527450
4/29/2019,66.53,68.5,64.75,68.17,1822349
4/30/2019,68.4,72.52,66.67,72.47,4113123
5/1/2019,72.72,76.95,70.82,72.76,3301900
5/2/2019,72.75,75.89,69.69,75.5,2525285
5/3/2019,75,80.25,75,79.18,2590281
5/6/2019,75.01,80.79,74.5,78.24,2051824
5/7/2019,77.85,78.05,73.25,73.33,1975220
5/8/2019,74.61,78.5,74.03,77.68,2265503
5/9/2019,76.85,76.99,74,75.21,1348243
5/10/2019,75.79,79.74,74.77,79.63,1555091
5/13/2019,77.39,77.39,70.6,72.54,2873222
5/14/2019,74.12,76.89,73.11,73.14,1950421
5/15/2019,73.4,80,72.21,79.76,2426504
5/16/2019,80.12,87.55,79.25,83.4,4580684
5/17/2019,82.25,90.28,81.88,89.98,3442549
5/20/2019,90.1,91.46,83.27,84.67,3666775
5/21/2019,86.63,89.7,84.5,85.44,2576024
5/22/2019,84.63,85.7,82,82.43,1596424
5/23/2019,81.25,81.5,77.26,78.76,2855970
5/24/2019,80.48,81.25,74.2,76.25,2946767
5/28/2019,76.8,79.39,76.8,77.77,1641491
5/29/2019,77,77.93,73.58,75.77,1512129
5/30/2019,76.68,80.97,76.6,80.42,1996030
6/3/2019,80,81.94,75.65,75.9,1570466
6/4/2019,78.2,78.88,76.62,78.74,1134900
6/5/2019,80.14,80.6,76.24,78.04,1295760
6/6/2019,77.4,79.75,77.03,79.43,3024047
6/7/2019,93.66,98.89,92.5,94.05,9487775
6/10/2019,98.51,105.99,96,102,4852773
6/11/2019,101,101.2,91.57,94.87,4372431
6/12/2019,94.6,104.19,94,102.77,3156886
6/13/2019,105.1,105.17,98.55,100.95,3189094
6/14/2019,100.47,104.57,99.25,100.29,1889325
6/17/2019,101,102.45,97,98.11,2128508
6/18/2019,100.39,102,97.51,99.64,2272387
6/19/2019,100.49,104.44,98.63,102.39,2592675
6/20/2019,105.01,107.34,101.62,102.3,2460733
6/21/2019,101.42,101.53,97.82,100.47,2972517
6/24/2019,100.85,101.5,88.88,89.41,6011186
6/25/2019,89.43,91.5,84.63,85.03,3748955
6/26/2019,87.92,89.08,84.61,86.33,2680016
6/27/2019,89.7,92.33,87.8,90.27,3019517
6/28/2019,91.76,92.2,87.25,88.79,3228290
7/1/2019,85.13,87.79,83.1,86.86,5326805
7/2/2019,86.27,86.85,84,85.13,1868892
7/3/2019,85.45,90.6,84.51,90.45,2706066
7/5/2019,90.14,91.97,88,91.88,2582697
7/8/2019,91.44,92.79,89.89,90.76,1793297
7/9/2019,90.27,91.27,89.1,90.93,1557350
7/10/2019,91.76,93.45,91.55,92.72,2059621
7/11/2019,92.9,93.2,90.45,91.4,1784559
7/12/2019,93.01,94.93,91.37,93.3,2689652
7/16/2019,100.14,100.5,96.5,97.1,2120142
7/17/2019,97.62,101.99,97.54,99.73,2314102
7/18/2019,99.24,99.5,95.02,95.19,2035569
7/19/2019,97.15,97.79,92.88,93.38,1747704
7/22/2019,94.19,97.47,93.51,96.67,1483400
7/23/2019,97.5,98.15,93.52,97.39,2241650
7/24/2019,97.12,97.88,94.69,95.94,1283718
7/25/2019,95.84,99.6,95.75,97.11,1870276
7/26/2019,97.95,104.49,97.83,102.2,3040689
7/29/2019,102.6,103,92.1,96.47,4230283
7/30/2019,95.19,99.35,94.03,95.49,1635487
7/31/2019,96.43,97.5,93.5,95.51,1514734
8/1/2019,95.75,98.66,93.8,95.1,1530366
8/2/2019,94.92,96,92.57,93.66,1117100
8/5/2019,90.7,91.19,87.29,89.69,1774360
8/6/2019,91.5,92.29,88.1,90.43,1028654
8/7/2019,89.02,93.16,88.02,92.45,996134
8/8/2019,93.57,95.84,93.02,95.77,925610
8/9/2019,94.79,95.49,93.31,94.2,802311
8/12/2019,93.05,94.18,91.11,92.16,779341
8/13/2019,92.06,96.22,92.06,95.45,1172874
8/14/2019,93.2,94.52,89.89,92.65,1265666
8/15/2019,92.77,93.44,89.69,90.64,1085845
8/16/2019,92.12,95,92.08,92.53,1267686
8/19/2019,94.18,96.2,92.89,93.17,1226647
8/20/2019,93,93.57,91.14,91.41,746950
8/21/2019,92.86,94.18,92.35,93.01,760434
8/22/2019,93.48,95.5,91.57,93.87,883145
8/23/2019,93.14,94.13,90.41,91.63,1373215
8/26/2019,92.33,93.5,91.45,91.76,698857
8/28/2019,91.16,91.38,88.71,90.16,1148489
8/29/2019,91.5,92.68,90.7,90.87,851973
8/30/2019,91.82,92.42,89.02,91.67,1186122
9/3/2019,91.5,94.24,90.75,92.46,1540324
9/4/2019,93.95,96,93.18,93.53,2418109
9/5/2019,94.24,94.38,88.51,92.69,5055702
9/6/2019,92,96.5,84.86,85.41,7289700
9/9/2019,85.75,85.94,77.2,78.65,6713802
9/10/2019,77,81.22,76.81,80.35,2813163
9/11/2019,80,81.86,78.5,80.71,2013599
9/12/2019,81.45,82.65,79.9,81.53,1955107
9/13/2019,81.57,82.48,78.27,78.85,1416802
9/16/2019,78.5,80.99,78.26,80.67,1630142
9/17/2019,81.49,84.82,79.53,84.64,2544440
9/18/2019,84.4,86,83.5,84.55,1843660
9/19/2019,85.2,85.35,83.25,84.62,1276930
9/20/2019,85,85.35,81.5,82.63,2054552
9/23/2019,82.29,83.6,81.8,82.62,678853
9/24/2019,82.43,82.93,79.46,80.02,2147632
9/25/2019,79.12,79.99,76.08,79.6,1938824
9/26/2019,79.25,80.62,78.62,79.75,928403
9/27/2019,79.69,79.83,75.09,76.04,2350893
9/30/2019,76.13,77,74.29,76.2,1358328
10/1/2019,76.43,77.49,75.21,75.81,1384716
10/2/2019,74.5,75.78,73.66,73.85,1388979
10/3/2019,73.9,78.49,73.39,76.83,2607615
10/4/2019,77,77.78,75.28,76.53,1799740
10/7/2019,76.99,77.43,75,76.99,1432473
10/8/2019,76.01,76.35,72.58,73.59,3158040
10/10/2019,72.86,73.78,71.01,71.01,2284911
10/11/2019,71.37,72.89,70.9,71.35,2392819
10/14/2019,70.46,71.24,69.55,70.8,2220769
10/15/2019,68.76,71.27,68.38,71.11,10590632
10/16/2019,69.7,69.95,66.51,67.69,6077995
10/17/2019,67.09,68,66.76,67.03,3579706
10/18/2019,66.26,66.93,64.53,66.08,4821710
10/21/2019,65.29,66.5,64.16,65.77,3078276
10/22/2019,64.2,64.6,61.02,62,4611123
10/23/2019,61.33,63.74,60.97,62.06,3609183
10/24/2019,63,65.94,62.76,64.52,3437110
10/25/2019,64.33,64.99,62.79,63.45,1953670
10/28/2019,63.96,67.47,62.26,66.56,3512760
10/29/2019,65.77,67.11,64.8,65.49,1825982
10/30/2019,65.97,70.09,65.66,70,4672440
10/31/2019,69.52,70.08,66.6,69.89,3413049
11/1/2019,69.86,70.55,68.02,70.39,3562840
11/4/2019,70.81,70.85,69.01,70.12,1565768
11/5/2019,70.71,70.85,66.68,66.89,1813895
11/6/2019,66.95,67.13,65.36,66.83,1328637
11/7/2019,67.03,68.68,66.21,66.81,1129086
11/8/2019,66.54,70,66.52,69.85,1478204
11/11/2019,69.51,70.19,67.76,68.39,1040564
11/12/2019,68.5,70.05,67.56,68,1910953
11/13/2019,68,68.51,66.87,68.01,1987325
11/14/2019,67.77,68.15,66.71,67.74,938903
11/15/2019,68.13,71.1,67.91,70.01,2316053
11/18/2019,70.47,71.14,68.78,70.08,1676349
11/19/2019,70.19,70.33,68.19,69.64,1706045
11/20/2019,69.25,71.71,68.55,70.99,2794193
11/22/2019,72,74,71.15,73.16,3059878
11/25/2019,73.8,75.06,72.86,74.55,1943187
11/26/2019,75,75.77,74.76,75.16,1848973
11/27/2019,75.81,75.84,73.36,74.08,1356274
11/29/2019,74.1,74.94,73.86,74.5,512643
12/2/2019,74.06,74.5,68.46,68.93,3161571
12/3/2019,66.72,70.53,66.05,70.02,2445706
12/4/2019,70.5,70.9,69.15,69.96,2076766
12/5/2019,70.03,70.75,69.22,69.67,3904978
12/6/2019,64.26,65.08,62.11,62.74,11257628
12/9/2019,62.39,67.27,62.33,65.94,5251707
12/10/2019,65.49,65.83,63.39,64.57,3896467
12/11/2019,64.24,64.45,62.05,63.52,3686821
12/12/2019,63.49,64.23,62.12,62.49,3321682
12/13/2019,62.5,63.75,62.02,63.54,2489582
12/16/2019,63.59,66.39,63.56,66.35,3284172
12/17/2019,66.62,66.62,65.4,66.17,2301148
12/18/2019,66.22,68.14,66.04,67.6,2237384
12/19/2019,67.75,68.46,67.1,68.18,1613189
12/20/2019,68.2,68.48,66.41,66.93,2201429
12/23/2019,67.02,67.5,65.93,66.15,1664335
12/24/2019,66.3,66.89,65.74,66.46,562588
12/26/2019,66.5,68.19,66.3,67.45,1387945
12/27/2019,67.51,67.96,66.51,66.64,955620
12/30/2019,66.56,67.18,65.52,66.79,1162743
12/31/2019,66.38,68.18,66.31,68.04,1352189
1/2/2020,68.8,69.24,68.02,68.72,1315723
1/6/2020,66.63,70.5,65.81,70.32,3152028
1/7/2020,70.29,72.84,69.37,71.9,7004619
1/8/2020,71.81,73.29,71.03,72.55,2483510
1/9/2020,73.99,74,71.35,72.62,2776328
1/10/2020,73.08,73.8,72.25,73.09,1656235
1/13/2020,73.89,75.58,73.8,74.03,3348152
1/14/2020,74.32,75.12,72.26,73.16,1910801
1/15/2020,73.28,77.78,73.2,76.94,3963465
1/16/2020,78,78.79,75.11,76.11,2999426
1/17/2020,76.66,76.9,75.49,75.56,1357419
1/21/2020,75.56,77.12,74.32,76.73,1606683
1/22/2020,77.07,77.11,75.46,75.61,1501614
1/23/2020,75.67,75.97,74.21,74.47,1279050
1/24/2020,74.97,76.19,72.37,73,1660195
1/27/2020,71.33,72.13,70.32,70.44,1750696
1/28/2020,71,72.48,70.26,71.51,1598234
1/29/2020,72.51,74.14,71.21,73.58,1374490
1/30/2020,73.1,74.8,72.55,74.54,1425377
1/31/2020,74.27,76.67,73.3,76.3,2521702
2/3/2020,77.69,88.94,77.51,87.66,13023449
2/4/2020,91.04,93.3,83.5,85.79,10611018
2/5/2020,85.77,90.97,83.76,86.99,5126835
2/6/2020,87,89.44,85.26,87.26,2410793
2/7/2020,87.23,90.6,86.81,88.64,2636910
2/10/2020,89.09,89.98,86.91,89.67,2071618
2/11/2020,90,90.5,87.93,88.68,2731896
2/12/2020,88.66,89.5,86.52,88.28,1671131
2/13/2020,87.61,91.93,87,89.86,3406429
2/14/2020,90.88,91.71,89.81,90.95,2295039
2/18/2020,93.02,98.14,92.4,96.39,5669685
2/19/2020,100.32,105.08,99.75,103.93,7793793
2/20/2020,104,110.75,101.43,105.29,11293189
2/21/2020,104.03,104.29,98.09,101.76,5535908
2/24/2020,97.8,110,97.02,105.01,12172751
2/25/2020,108.52,111.8,104.47,107.08,13425942
2/26/2020,109.94,111.3,105.6,106.88,6885393
2/27/2020,109.43,118,107.6,113.55,13511847
2/28/2020,121.07,121.93,97.37,105,21710989
3/2/2020,109.35,114.5,102.5,113.11,10157444
3/3/2020,114.55,119.2,112.11,117.47,11033675
3/4/2020,118.51,119.97,113.11,116.8,12102566
3/5/2020,110.25,129.83,110,125,28149364
3/6/2020,119.65,122,107,114.32,22975681
3/9/2020,105,116.5,100.88,113.75,14571293
3/10/2020,113.8,113.8,105,108.49,10244041
3/11/2020,108.41,113.99,107,110.3,12594394
3/12/2020,106.25,113.87,104.39,109.47,12097921
3/13/2020,113,113.8,104.16,107.47,9233528
3/16/2020,105,119.87,103.2,107.86,17210658
3/17/2020,107.33,113.83,102,111.1,18721520
3/18/2020,111,119,108.85,118.71,13594333
3/19/2020,122.95,132.23,119.1,123.77,16248378
3/20/2020,129,135.98,124,130.55,13872634
3/23/2020,142,164.94,137.25,159.56,27681459
3/24/2020,154,155,133.88,135.18,22401325
3/25/2020,140.11,149,136.2,138.11,14743014
3/26/2020,140.51,146.65,138.2,141.15,9284038
3/27/2020,145.7,154.97,145.6,151.7,13271899
3/30/2020,160.76,161.69,147.2,150.88,15762176
3/31/2020,147.02,149.79,143.36,146.12,10023701
4/2/2020,125.3,133.49,114.5,121.93,27313753
4/3/2020,124.3,128.48,120.11,128.2,12238129
4/6/2020,113.63,125.17,108.53,122.94,25378936
4/7/2020,118.01,118.44,109.57,113.75,20166162
4/8/2020,115.02,125.88,112.5,117.81,26243288
4/9/2020,117.8,125.5,114,124.51,15512973
4/13/2020,127,136.86,125.6,135.92,15411680
4/14/2020,141.07,145.2,139.01,141.89,11679919
4/15/2020,141.71,152.57,140,151.56,14193277
4/16/2020,149.92,154.25,146.8,150.26,15138170
4/17/2020,147.91,153.79,144.03,150.06,11328414
4/20/2020,153.3,155,148.25,148.99,11218689
4/21/2020,151.42,154.75,138.36,143.27,9709142
4/22/2020,147.1,152.28,145.1,150.25,6552834
4/23/2020,154.01,169.75,153.49,169.09,22159845
4/24/2020,177.15,181.5,158.3,158.8,44049511
4/27/2020,156.59,167.85,155,164.6,19783693
4/28/2020,165,166,155.25,156.72,13477842
4/29/2020,147.98,151,143.38,146.48,22033320
4/30/2020,139.99,143.8,133.68,135.17,16682256
5/1/2020,136,141.63,132.67,138.56,13806992
5/4/2020,140.77,144.98,140.45,143.44,9184748
5/5/2020,144.43,148.44,140.86,144.82,7376349
5/6/2020,145.47,150.74,144.09,149.59,6031085
5/7/2020,154.84,162,154.04,157.8,8388863
5/8/2020,160,161.16,152.7,155.4,7079101
5/11/2020,159.43,168,158,166.48,10142713
5/12/2020,168,168.23,160.05,161.04,7102604
5/13/2020,163.61,171.5,159.17,167.14,11081302
5/15/2020,166.75,175.44,166.56,174.83,8540460
5/18/2020,170.03,173.44,162.64,164.69,9636750
5/19/2020,167,173.86,166.21,173.68,8485526
5/20/2020,173.53,175.64,170.53,175.48,6910014
5/21/2020,175.96,177.8,168.36,172.03,5525274
5/22/2020,171.86,175.89,170.2,171.06,4302150
5/26/2020,169.1,169.69,163.12,164,6689691
5/27/2020,158.01,162.22,149.16,161.97,10076711
5/28/2020,159.23,169.4,159.2,163.55,6393691
5/29/2020,168,179.99,167.86,179.48,15311278
6/1/2020,183.18,205.87,183,204.15,24394389
6/2/2020,210.25,212.69,197.32,208.08,36853399
6/3/2020,211.7,224.46,202.32,223.87,32390121
6/4/2020,221,223,207.6,210.35,20212598
6/5/2020,200.11,208.94,196.1,207.6,16298729
6/8/2020,204.35,211.44,198.66,209.83,10457504
6/9/2020,209.83,210.59,202.93,205.43,7521808
6/10/2020,208.89,221.53,208.26,221.02,12241109
6/11/2020,219.18,232,218.5,222.07,17615754
6/12/2020,224.79,231.45,216.75,219.52,8780413
6/15/2020,227.84,239.59,226.38,239.02,13959080
6/16/2020,235.99,243.5,231.82,242.56,11333313
6/17/2020,243.18,243.88,235.12,236.76,11704326
6/18/2020,240.39,242.61,238.22,241.57,9340944
6/19/2020,241.64,243.57,238.7,243.48,10077543
6/22/2020,247.47,254.9,247.29,251.27,11093697
6/23/2020,251.26,254.78,247.57,252.81,8791498
6/24/2020,254.5,258.75,248.6,255.9,9862774
6/25/2020,258.23,260.29,252.66,259.51,7490491
6/29/2020,254.97,255.9,243.59,248.56,8436437
6/30/2020,249.87,256.83,248.35,253.54,6305519
7/1/2020,251.35,261,247.21,259.13,6803313
7/2/2020,261,263.8,258,261.74,5629042
7/6/2020,265,275.08,259.32,261,12250167
7/7/2020,261.55,266.45,258.1,262.1,7819728
7/8/2020,263.8,268.53,261.29,266.32,6012921
7/9/2020,269.01,272.7,264.22,269.52,5396039
7/10/2020,271.77,278.16,268.64,275.87,6354790
7/13/2020,278.63,281,256.34,260.3,9293047
7/14/2020,260.96,265.33,240.45,260.01,8713138
7/15/2020,253.7,257.5,248.12,256.22,6073639
7/16/2020,250.39,253,243.43,248.54,5420142
7/17/2020,247.17,250.94,241.29,246.54,4626550
7/20/2020,246.49,271.35,245.99,268.58,9784919
7/21/2020,268.75,269.75,258.2,260.44,4761971
7/22/2020,261.95,265.4,255.81,261.18,4581585
7/23/2020,260.84,264.9,249.21,251.5,4589358
7/24/2020,246.2,250.21,237.2,246.56,4303198
7/27/2020,249.28,252.97,246.22,252.33,3328563
7/28/2020,252.7,258.91,251.32,252.18,3366216
7/29/2020,255.55,259.93,251.15,252.39,3333748
7/30/2020,250.31,256.33,239.32,250,7926051
7/31/2020,253.5,255.2,248.36,253.91,3381064
8/3/2020,256.83,271.1,256.11,268,6787878
8/4/2020,268,269.19,262,267.34,3087253
8/5/2020,266.29,275.09,262.52,272.9,4517659
8/6/2020,273.87,274.48,263.91,268.25,3602884
8/7/2020,266.45,268,252.79,258.73,5024681
8/11/2020,245.48,245.48,230,231.04,9730520
8/12/2020,232.3,239.4,230.75,236.72,3932256
8/13/2020,238.15,250.1,238.15,247.25,4749728
8/14/2020,249.44,252.43,242.4,244.91,3662809
8/17/2020,248.7,267.94,248.51,266.15,8959207
8/18/2020,271.72,277.78,265.5,276.8,6517049
8/19/2020,274.68,279.59,270.32,273.51,4674004
8/20/2020,274.45,290.88,273.99,290.69,9318392
8/21/2020,291,295.97,286.94,289.68,5250117
8/24/2020,293,293.87,274.11,282.28,6463517
8/25/2020,279,293.72,275.81,290.44,4602867
8/26/2020,293,302,290.85,295.27,5692064
8/27/2020,295.69,301.52,290.33,294.68,5560590
8/28/2020,299.22,303.58,297.26,299.27,5353424
8/31/2020,304.01,325.9,301.27,325.1,23468139
9/1/2020,439.51,478,410.68,457.69,53346788
9/2/2020,445.67,445.67,410,423.56,18866825
9/3/2020,399.55,409.9,367,381.32,20304337
9/4/2020,375.5,386.01,346.76,369.89,13230097
9/8/2020,350.7,365.5,345.68,350.88,7966481
9/9/2020,369.75,394.8,362.12,389.65,17325783
9/10/2020,400,407.82,378.36,384.48,11932129
9/11/2020,389.13,400.75,373.05,383,9297631
9/14/2020,391.74,404.36,386.13,403.51,7963100
9/15/2020,410,413.5,391.05,410.94,8495611
9/16/2020,406.27,419.42,404.22,408.17,6746892
9/17/2020,389,417.82,387,413.13,9260430
9/18/2020,419.8,442,407.5,438.73,22315720
9/21/2020,434,470,434,468.47,16843837
9/23/2020,489.49,529.74,483.25,500.53,27051300
9/24/2020,487.01,502.25,457.69,464.98,17896568
9/25/2020,474.87,500,474.87,496.5,12906775
9/28/2020,502.41,519.77,479.57,487.66,17621339
9/29/2020,488.13,489.8,463,465.5,15241179
9/30/2020,464.21,481.56,462,470.11,8971123
10/1/2020,477,483.73,465,482.99,7859345
10/2/2020,485.01,507.49,481,482.23,12791720
10/5/2020,493.97,496.9,475.26,485.37,7534656
10/6/2020,480.51,487.9,473.22,478.25,6097682
10/7/2020,482.5,487.5,477.11,480.61,4449496
10/8/2020,484,489.49,475.58,478.55,4193060
10/9/2020,487.99,498.9,484.08,492.41,8719691
10/12/2020,501.43,506.11,490.48,491.54,6979462
10/13/2020,494,520,493,518.79,8941474
10/14/2020,518.78,519.8,498.6,509.25,8327654
10/15/2020,509.08,540.05,506.5,536.4,16520601
10/16/2020,544,565.45,543.25,559,13745750
10/19/2020,572.5,588.84,562.55,568.34,15193234
10/20/2020,572.33,575.69,534.59,537.02,12098179
10/21/2020,535.88,551.66,511.78,513.19,9215428
10/22/2020,521.78,530.43,503.47,520.54,8100869
10/23/2020,522.33,527,505.41,511.52,5377118
10/26/2020,520.49,541.11,510.31,517.79,10080795
10/27/2020,525.22,540,513.3,538.99,7227645
10/28/2020,549.5,553.86,511.5,516.01,8810070
10/29/2020,521.19,525.46,483.5,489.68,9207566
10/30/2020,481.5,495.95,457.02,460.91,8715083
11/2/2020,462.29,477,440,453,8051893
11/3/2020,456.33,461.88,445.01,451.51,6496995
11/5/2020,497.99,499.35,480.76,496.73,6379939
11/6/2020,494.66,505.88,482.73,500.11,4265950
11/9/2020,433,446.47,402,413.24,18033547
11/10/2020,412.5,414.45,366.28,376.01,20751949
11/11/2020,391.65,419.8,385,413.34,16691084
11/12/2020,427.85,435.75,419.61,428.64,14935982
11/13/2020,425.99,428.47,396.87,403.58,11773787
11/16/2020,382.6,400.8,375.1,399.15,12054432
11/17/2020,406.29,411.5,396.32,401.63,6972081
11/18/2020,399,423.5,390.22,415.04,10974220
11/19/2020,408.99,427.89,407.5,414.29,8007026
11/20/2020,418.55,445.3,415.56,439.6,12586597
11/23/2020,432.01,436.51,417.88,430.28,8486030
11/24/2020,421.51,438.83,420.01,427.55,6148416
11/25/2020,435.85,448.48,433.33,443.72,8763739
11/27/2020,453.99,472.04,449,471.61,7276411
11/30/2020,485.7,486.83,460,478.36,16646500
12/1/2020,434.72,434.99,401.72,406.31,20916103
12/2/2020,399,424.55,394.57,412.86,10962837
12/3/2020,413,419.17,405.02,413.54,6306724
12/4/2020,409.26,418.88,408.19,410.01,4447314
12/7/2020,411,416.8,405.45,407.85,4427276
12/8/2020,408.87,419.5,406.75,412,5319440
12/9/2020,406.75,409.99,381.5,385.36,8956659
12/10/2020,382.73,399,380.27,397.96,4572146
12/11/2020,395.35,397.34,384.61,397.01,4677441
12/14/2020,388.95,396.75,376.68,395.99,6820120
12/15/2020,398.51,410.32,395.08,399.43,5144653
12/16/2020,400.49,406.56,393.46,404,4158539
12/18/2020,403.8,408.11,398.25,406.01,6174772
12/21/2020,418.07,427.76,404.58,408.97,8557350
12/22/2020,408.5,413.5,396.5,409,4218767
12/23/2020,402,402.6,378.58,383.88,9554390
12/24/2020,383.88,384.88,375,375.17,3850734
12/28/2020,370.4,373.28,349.02,351.39,9454792
12/29/2020,350.66,359.91,350.13,353.75,6080283
12/30/2020,358.42,358.7,345.4,353.4,5474464
12/31/2020,351.77,351.83,336.1,337.32,6559744
1/4/2021,340.4,363.09,339.2,359.98,8598300
1/5/2021,360.39,365.01,349,360.83,4983521
1/6/2021,351,352.94,341.92,344.41,7124614
1/7/2021,346,354.48,341.6,342.5,5601170
1/8/2021,345.2,350,340.34,349.61,5009213
1/11/2021,344.98,349.96,336.85,337.71,3360357
1/12/2021,333.2,358.9,331.1,356.81,8972461
1/13/2021,360,384.23,348.65,364.63,14056546
1/14/2021,371,384.95,370.5,383.24,9310967
1/15/2021,397.71,404.44,382.07,384.53,12799509
1/19/2021,391.01,396.77,385.51,393.87,5709437
1/20/2021,399.11,399.53,378.32,382.8,5713892
1/21/2021,383.03,387.21,372.03,382.81,5180798
1/22/2021,380.99,385.29,376.38,383.4,2791585
1/25/2021,388.99,398.8,378.27,391.83,5178085
1/26/2021,391.08,395.82,372.2,374.39,5151261
1/27/2021,367.5,384.25,362.77,370.74,4557483
1/28/2021,368,383.31,363.86,378.59,3374206
1/29/2021,379,385.91,358.62,372.07,3958970
2/2/2021,384.5,394.89,378.68,391.84,3780072
2/3/2021,395.79,395.79,379,380.47,3433077
2/4/2021,383.5,390,376.87,389.98,2528066
2/5/2021,387.86,420,387.86,419.59,9759071
2/8/2021,420.74,422,406.5,410.81,3737875
2/9/2021,411.69,434.67,410.31,430.03,5115390
2/10/2021,431.89,441.22,416.14,431,4738316
2/11/2021,433.99,443.75,429.51,432.77,3502618
2/12/2021,431.52,435,423.13,433.11,2077846
2/16/2021,438.8,451.77,436.7,444.51,4249151
2/17/2021,440.02,441.2,418.25,429.42,4006475
2/18/2021,426.75,428.88,414,417.91,2645328
2/19/2021,419.22,425.99,414.5,417.26,2195043
2/22/2021,408.5,411.72,390.6,394.34,4340255
2/23/2021,371.01,389.99,351.81,388.16,5558188
2/24/2021,383.13,388.68,375.62,385.23,3442360
2/25/2021,383.78,387.66,361.01,364.73,4585104
2/26/2021,367.95,377.09,356.17,373.61,4702413
3/1/2021,388.66,416.2,387.01,409.66,10044698
3/2/2021,439.6,440,371.82,372.79,18156568
3/3/2021,383,383.25,339,341.57,15526026
3/4/2021,347.8,358.3,333,343.09,10328083
3/5/2021,345.39,347.75,314.38,337.43,8255524
3/8/2021,334.99,339.35,309,310.93,6899076
3/9/2021,331.95,343.58,320.8,342.11,5705183
3/10/2021,347.99,355.69,333.01,336.03,4729969
3/11/2021,347.99,357.4,338.8,355.17,3915392
3/12/2021,342.01,350.44,338.43,346.39,2960750
3/15/2021,347.08,351.56,343.5,350,1993509
3/17/2021,328.57,340.54,322.66,336.65,3593229
3/18/2021,330,330.33,316,316.32,5446757
3/19/2021,316.83,327.98,313.63,326.26,4981385
3/22/2021,329.45,333.89,327.01,328.5,2947934
3/23/2021,330,347.4,329.35,339.76,5723818
3/24/2021,338.68,339.99,314.35,314.96,4924523
3/25/2021,310.95,320.63,308.31,314.85,3564820
3/26/2021,312.89,320,306.75,319.95,3219843
3/29/2021,317.07,322.97,305.78,308.39,3041416
3/30/2021,305,314.88,302.32,313.19,2837135
3/31/2021,315.24,325.74,311.13,321.29,2773222
4/1/2021,325.98,338.91,325.5,326.23,2853899
4/5/2021,327.83,328.5,313.1,323.96,3024709
4/6/2021,323.75,332.66,321.66,329.79,3767050
4/7/2021,329.11,333.44,319.23,323.08,4197653
4/8/2021,326.85,333.99,326,331.28,2821481
4/9/2021,329.1,329.82,319.42,322.65,3216481
4/12/2021,318.1,322.38,315.19,321.51,2964475
4/13/2021,327.36,343.71,325.5,342.75,5298165
4/14/2021,344.72,345.02,328.63,329.2,2844896
4/15/2021,334.15,338.42,327.46,332.38,3360706
4/16/2021,330.27,333.75,326.87,329.95,2476528
4/19/2021,327.52,337.8,320.5,324.33,3131938
4/20/2021,326.73,327.55,316.36,321.78,2282512
4/21/2021,317.01,323.11,313.5,322.76,1917537
4/22/2021,322.67,338.05,322.67,328.32,3328347
4/23/2021,331.49,338.55,328.24,336.88,2446094
4/26/2021,337.51,338,329.21,336.42,2286662
4/27/2021,336.39,341.68,330.89,333.49,2208306
4/29/2021,331.16,332.5,318.89,321.1,3121077
4/30/2021,318.03,326.28,317.24,319.57,2152491
5/3/2021,320.24,321.13,311.53,313.92,2253018
5/4/2021,310.96,311.5,298.77,304.85,3727585
5/5/2021,306.53,310.98,294.5,297.59,2582590
5/6/2021,295.2,295.2,285.61,293.05,3369092
5/7/2021,295.44,304.7,292.71,295.24,2446247
5/10/2021,293.01,293.94,286.04,288.49,2507782
5/11/2021,273.91,302,273.2,300.25,4084394
5/12/2021,291.05,296.53,282.41,289.7,3419846
5/13/2021,293.98,296.61,275.8,290.16,4608514
5/14/2021,292.15,309.18,292.15,307.89,4357291
5/17/2021,304.83,311.91,301.93,308.93,2905553
5/18/2021,309.41,322.25,304.97,312.86,3311947
5/19/2021,301.58,311.51,299,310.46,1728378
5/20/2021,314.25,325.95,313.03,324.71,3029444
5/21/2021,328.21,329.45,316.06,316.4,2057281
5/24/2021,318.52,324.03,316.5,321.56,1855034
5/25/2021,322.71,325.51,316.08,321.28,2160143
5/26/2021,324.3,329.46,323.24,326.05,2374274
5/27/2021,324.11,331,317.55,326.43,3622149
5/28/2021,330.51,336.33,329.63,331.53,2745710
6/1/2021,333.33,336.14,321.7,327.72,6607106
6/2/2021,331.88,333.79,322.21,327.11,6252059
6/3/2021,320.11,325.83,318.25,319.01,3107262
6/4/2021,321.59,338.99,319.77,336,5604900
6/7/2021,332.67,344.93,331.12,342.66,4538681
6/8/2021,343,350.15,339.22,341.26,2842679
6/9/2021,330.63,340.34,330.23,333.63,2721234
6/11/2021,347.64,367.96,345.1,366.4,6783411
6/14/2021,361.87,369.58,359.4,365.91,3444302
6/15/2021,364.5,364.5,357.05,359,2587908
6/16/2021,357.82,366.83,355.41,361.83,2669178
6/17/2021,358.21,374.52,358.21,372.95,3416645
6/18/2021,374.01,379.89,370.93,374.24,4569088
6/21/2021,368.78,372.62,363.29,369.25,1896884
6/22/2021,368.51,377,368.5,374.65,1998979
6/23/2021,375,382.71,373.99,376.92,2358930
6/24/2021,378.45,382.5,372.32,373.4,2438864
6/25/2021,374.07,374.08,364.08,372.47,3647178
6/28/2021,375.94,393.33,374.5,388.86,3459901
6/29/2021,388.85,395.44,382.77,394.73,2582740
6/30/2021,395,395.43,385.54,387.03,2249364
7/1/2021,386.12,390.11,382,386.48,1468446
7/2/2021,390.48,398.72,386.55,388.89,2066642
7/6/2021,392.58,403.47,391.56,401.12,3436160
7/7/2021,403.86,406.48,393.3,393.91,2026580
7/8/2021,386,390.5,377.5,386.01,2748854
7/9/2021,381.02,387.53,377.79,385.08,1918192
7/12/2021,385.41,390.88,378.27,379.12,1902545
7/13/2021,379.04,384.5,375.41,378.39,1757416
7/14/2021,380.8,381.31,360.45,360.61,2599594
7/15/2021,363.93,368.58,355.35,356.81,2399727
7/16/2021,359.87,365.5,354.34,361.97,1887136
7/19/2021,356.33,357.5,343.82,354.2,7787637
7/20/2021,357.83,359.24,347.08,355.81,4061077
7/21/2021,355.34,355.8,348.33,352.97,2953384
7/22/2021,357.03,367.1,356.21,361.39,3096011
7/26/2021,366.48,375.83,362.5,373.14,3842000
7/27/2021,374.76,377.7,357.87,367.54,3079957
7/28/2021,368.48,374.15,364.23,369.49,1870739
7/29/2021,376.07,396.89,375,386.02,6662141
7/30/2021,380.51,392,377.53,378.1,2872548
8/2/2021,378,382.42,364,378.96,3163580
8/3/2021,378.13,385.62,371.59,374.88,2190911
8/4/2021,376.88,403,376.5,400.58,5563798
8/5/2021,395.73,404.35,391.82,398.68,3427584
8/6/2021,392.3,395,380.7,383.47,3092007
8/9/2021,384.93,385.5,378.2,383.34,2306576
8/10/2021,385.7,392.78,371.58,372.55,2806522
8/11/2021,374.92,375.98,352.75,358.56,3510796
8/12/2021,358.34,364.15,355.02,362.86,2063812
8/13/2021,362.22,363.39,353.59,355.24,1745629
8/16/2021,354.6,355,342.57,348.41,2407434
8/17/2021,345.5,349.46,341.3,345.54,1991482
8/18/2021,345.5,346.97,339.05,340.93,2092661
8/19/2021,336.24,337.99,331.45,332.38,2475954
8/20/2021,333.45,344.36,333.45,336.86,2356240
8/23/2021,338.23,342.49,336.79,341.3,2147316
8/24/2021,344.42,346.33,337.76,340.25,1778083
8/25/2021,341.64,344.05,336.79,337.74,2039229
8/26/2021,350.75,357.93,340.25,340.63,4849031
8/27/2021,343.88,344.78,337.65,340.81,3096215
8/30/2021,341.7,348.3,339.65,347.5,10094423
8/31/2021,294,295.87,288.3,289.5,34582851
9/1/2021,292.85,299.4,290.05,290.86,14996030
9/2/2021,292.8,296.69,290.41,295.09,6652997
9/3/2021,295.33,301.81,292.03,298.29,6131395
9/7/2021,298.3,300.98,294.8,299.96,4256775
9/8/2021,299.55,299.96,290.53,293.6,3934430
9/9/2021,292.16,297.57,291.13,295.86,3350142
9/10/2021,296.91,306.26,296.81,301.5,6094949
9/13/2021,300.16,300.28,289.82,290.24,4916085
9/14/2021,290.34,291.88,280.92,281.44,6036816
9/15/2021,282.33,283.07,277.02,279.12,4647403
9/16/2021,277.68,279.29,273.5,278.22,4676349
9/17/2021,279.79,287.78,278.37,287.68,5423407
9/20/2021,278.65,285,276.91,280.67,3905341
9/21/2021,281.03,281.17,275.07,278.24,4168329
9/22/2021,276.2,279.39,275.25,277.95,2973663
9/23/2021,279.91,280.36,275.45,276.19,2867881
9/24/2021,274.64,275.9,267.19,272.36,4051722
9/27/2021,269.49,275.24,266.11,272.88,3084096
9/28/2021,269.49,270.62,259.8,261.89,5212907
9/29/2021,262.32,266.86,256.88,257.41,4316320
9/30/2021,257.39,264.88,255.25,261.5,4733067
10/1/2021,268.77,274.57,262.7,267.51,8664771
10/4/2021,264.24,264.57,253.41,259.58,5004600
10/5/2021,259.84,262.74,256.85,257.12,3712081
10/6/2021,251.3,257.88,250.11,253.65,3905535
10/7/2021,254.43,258.48,253.81,256.27,2672193
10/8/2021,257.23,260.54,253.63,255.05,2265296
10/11/2021,252.18,258.41,252,253.97,1722495
10/12/2021,255.27,257.34,253.1,255.49,3061119
10/13/2021,257.74,268.28,257.3,266.24,3770608
10/14/2021,270.5,274,266.84,267.01,3066928
10/15/2021,267,267.98,264.25,266.32,2796397
10/18/2021,265.67,274.83,265.5,274.23,2649167
10/20/2021,277.35,280.2,272.68,275.71,1740728
10/21/2021,273.64,278.14,272.6,274.78,1496567
10/22/2021,283.51,286.66,276.12,277.58,3320476
10/25/2021,276.04,282.98,275.72,279.79,2925569
10/26/2021,283.33,286.94,277.77,278.7,2421967
10/27/2021,278.94,282.48,272.25,272.81,3104808
10/28/2021,271.16,278.26,269.21,276.58,1594774
10/29/2021,272.02,276.61,271.6,274.65,1493807
11/1/2021,273.2,279.47,271.34,278.94,2773158
11/2/2021,281.1,286.45,276.27,280.29,2092710
11/3/2021,280.22,286.05,274.03,285.66,2435759
11/4/2021,286.22,291.31,280.73,282.2,1986800
11/5/2021,267.1,275.64,259.77,264.7,5420965
11/8/2021,262.65,263.18,257.94,259.9,3944114
11/9/2021,260.99,265.66,257.57,258.4,3022512
11/10/2021,257.01,259.47,249,251.26,4903872
11/11/2021,251.27,253.19,245.16,247.6,3286194
11/12/2021,248.38,255.14,245.53,254.97,3173610
11/15/2021,255,265.33,255,263.71,3994862
11/16/2021,263,268.88,261.21,264.49,1972023
11/17/2021,264,266.19,261.52,263.71,2417296
11/18/2021,260.88,263.5,254.58,255.75,2360160
11/19/2021,262.24,265.23,249.33,251.3,3882732
11/22/2021,249.26,251.7,238.2,242.28,8012833
11/23/2021,218.05,218.61,195.8,206.64,25297461
11/24/2021,203.9,211.5,202.02,208.3,9218637
11/26/2021,235.7,235.97,219.21,220.21,10808625
11/29/2021,216.43,219.36,208.46,218.98,7035440
11/30/2021,220.66,221.41,207.4,211.41,5916217
12/1/2021,211.42,211.5,196.27,197.71,7587130
12/3/2021,187.73,187.83,177.12,183.92,8934232
12/6/2021,180.64,186.13,175.27,185.84,4157872
12/7/2021,187.85,190.87,185.58,189.06,3988298
12/8/2021,188.29,195.98,184.3,194.86,3320757
12/9/2021,195.17,198.51,185.65,188.27,3797215
12/10/2021,188.27,191.36,183.91,185.25,2174579
12/13/2021,181.86,188.97,181,184.57,2767816
12/14/2021,180.57,183.42,178.8,181.94,3511246
12/15/2021,181.13,185.47,174.66,183.73,4792266
12/16/2021,183.79,185.72,177,182.4,4224447
12/17/2021,184.12,201.69,183.36,199.74,10512603
12/20/2021,205,205.22,197.02,197.97,7774054
12/21/2021,199.04,200.53,191.67,199.42,4246782
12/22/2021,197.05,200.25,190.42,193.13,2865894
12/23/2021,191,193.41,186.65,191.65,3106628
12/27/2021,189.54,190.44,185.66,187.44,3070994
12/28/2021,186.6,190.63,183.09,183.77,3132495
12/29/2021,184,185.21,179.79,181.81,2565682
12/30/2021,182.32,192.91,180.84,190.52,4141928
12/31/2021,189.2,191.61,183.62,183.91,2817386
1/3/2022,184.44,184.91,177.24,184.26,3175166
1/4/2022,183.32,183.56,172.1,179.85,5269802
1/5/2022,175.98,183.67,174.29,174.88,3772259
1/6/2022,173.09,181.88,171.23,176.33,4002529
1/7/2022,176.05,180.67,170.72,171.6,3089411
1/10/2022,169.32,173.23,164.9,172.56,3502327
1/11/2022,172.15,178.88,169.45,175.97,2410998
1/12/2022,177,179.9,169.7,170.65,2704254
1/13/2022,170.1,170.39,162,162.1,4612516
1/14/2022,161.42,164.89,156.88,159.72,4700697
1/18/2022,156.32,162.98,156,157.7,4364412
1/19/2022,158.65,162.99,156.94,157.23,3305196
1/20/2022,159.55,163.48,155.65,155.81,3710654
1/21/2022,153.98,156.91,147.11,147.66,5722561
1/24/2022,141.68,153.24,138.91,152.95,8235232
1/25/2022,150,152.14,142.12,145.89,5122217
1/26/2022,150.03,152,138.89,140.33,4888340
1/27/2022,143.6,143.81,136.17,136.81,3580275
1/28/2022,137.58,143.89,134.7,143.81,3682700
1/31/2022,146.67,154.34,145.9,154.28,4960859
2/1/2022,155.23,155.95,150.07,155.68,3315996
2/2/2022,155.79,156.05,146.58,148.11,3063437
2/3/2022,144.07,146.45,137.35,137.94,3355981
2/4/2022,139.3,145.21,136.92,144.1,3457854
2/7/2022,144.59,147.48,139.78,141.44,2531119
2/8/2022,139.36,143.19,137.28,142.69,2565110
2/9/2022,146.49,149.81,143.9,149.6,3067123
2/10/2022,145.78,152.69,144.29,145.72,3348835
2/11/2022,146.97,150.48,140.16,141.24,2690370
2/14/2022,142.42,147.74,141.11,142.09,2538889
2/15/2022,144.44,147.15,141.1,146.9,3043753
2/16/2022,144.49,144.69,136.4,138.51,3928926
2/17/2022,137.63,137.74,128.93,129.38,4944736
2/18/2022,130.13,131.94,124.71,126.96,5435014
2/22/2022,125.06,130.73,124.98,126.61,4445964
2/23/2022,127.99,128.15,120.1,120.1,4634693
2/24/2022,114.74,128.74,114.26,126.97,6998541
2/25/2022,129.05,129.06,120.02,125.32,5242599
3/1/2022,128.57,136,122.13,122.78,11541560
3/2/2022,122.25,122.89,114.52,121.61,7224285
3/3/2022,122,122.06,111.95,113.11,6211452
3/4/2022,114.1,116.19,108.43,108.94,6227090
3/7/2022,111.13,115.24,107.72,107.88,6240205
3/8/2022,106.67,114.29,105,108.49,5581784
3/9/2022,111.84,111.84,108.06,109.08,6427507
3/10/2022,105.84,106.9,101.06,103.33,5030777
3/11/2022,103.48,103.49,97.9,98.12,6454629
3/14/2022,97.5,102.16,94.51,94.64,6715662
3/15/2022,96.09,100.6,95.26,98.97,7001747
3/16/2022,100.55,106.88,100.17,106.84,8003038
3/17/2022,106.46,111.33,105,111.29,4967538
3/18/2022,109.49,117.84,109.21,116.28,8521832
3/21/2022,115.01,119.89,113.35,116.87,5941501
3/22/2022,116.01,122.24,115.4,119.8,5003148
3/23/2022,117.22,120.27,115.95,116.81,3443344
3/24/2022,117.35,117.78,113.97,117.75,3332021
3/25/2022,117.13,117.58,112.45,113.93,4217677
3/28/2022,114.87,118.31,113.63,117.45,3289344
3/29/2022,119.98,126.53,119.98,126.26,4757130
3/30/2022,124.26,127.37,121.23,122.39,3987789
3/31/2022,122.75,122.81,117.16,117.23,2903091
4/1/2022,117.56,120.5,116.11,118.02,2793292
4/4/2022,119.39,124.99,118.33,124.28,3081278
4/5/2022,123.92,126.44,120.43,122.02,4906459
4/6/2022,118.03,118.56,113.34,116.09,5161483
4/7/2022,115.14,118.12,111.33,114.32,3498047
4/8/2022,112.37,113.27,109.39,110.9,3953271
4/11/2022,107.91,111.11,106.41,109.05,3902782
4/13/2022,106.3,115.83,105.16,114.89,4677812
4/14/2022,114.66,114.66,110.14,110.31,4499615
4/18/2022,109.73,109.93,103.62,105.74,4152455
4/19/2022,105.44,112.33,104.07,111.18,3289391
4/20/2022,109.53,109.91,103.4,103.7,4512050
4/21/2022,105.2,108.49,100.55,100.95,4395301
4/22/2022,101.16,104.99,99.3,100.17,3784423
4/25/2022,99.51,103.09,98.9,102.44,2724189
4/26/2022,100.75,101.68,96,98.36,3786042
4/27/2022,97.69,102.04,97.3,97.62,3522690
4/28/2022,98.1,103.92,95.72,102.56,3585167
4/29/2022,102.67,107.84,99.4,99.57,3608956
5/2/2022,99.15,105.08,98.17,104.79,3164651
5/3/2022,104.11,106.99,102.13,103.53,2103242
5/4/2022,103.96,109.34,99.3,108.98,3750963
5/5/2022,107.13,107.36,99.32,100.84,3661612
5/6/2022,100.49,102.03,94.01,96.38,4635546
5/9/2022,94.05,96.83,91.65,92.34,5766253
5/10/2022,95.6,98.07,87.34,90.68,6315123
5/11/2022,88.93,94.16,84.17,84.8,6182562
5/12/2022,81.13,87.79,79.03,84.97,7178844
5/13/2022,88.72,95.63,88.25,94.84,5687602
5/16/2022,93.43,95.83,88.66,88.92,4501282
5/17/2022,91.36,95.1,86.41,90.94,4208820
5/18/2022,88.68,91.11,84.04,84.69,3854185
5/19/2022,85.74,93.49,84.69,90.94,4746869
5/20/2022,92.62,94.85,85.55,89.74,4741373
5/23/2022,89.87,90.25,85.57,89.33,11240310
5/24/2022,94.56,97.09,87.33,94.34,27414949
5/26/2022,101.9,108.17,101.77,107,10633582
5/27/2022,108,111.24,105.55,110.42,7097145
5/31/2022,112.64,112.87,105.58,107.45,5930245
6/1/2022,107.96,110.89,104.92,107.65,4700753
6/2/2022,107.43,114.08,107.03,112.24,4991808
6/3/2022,109.66,111.8,107.3,109.42,3882056
6/6/2022,112.33,112.91,108.51,111.01,2867515
6/7/2022,110.5,115.32,109.05,115.04,3951886
6/8/2022,115.4,116.9,113.16,115.46,3583910
6/9/2022,112.17,116.17,110.34,110.4,4302582
6/10/2022,106.93,110.99,106.12,109.07,5774878
6/13/2022,102.82,106.38,102.12,103.32,7183928
6/14/2022,103.9,109.85,103.78,106.86,6815042
6/15/2022,107.5,114.73,106.13,112.93,5954516
6/16/2022,108.1,109.65,104.15,106.09,4714553
6/17/2022,107.1,111.92,106.39,110,6143372
6/21/2022,112.15,117.37,110.86,113.82,6176200
6/22/2022,112.03,119.53,111.77,115.17,5490304
6/23/2022,116.24,118.4,110.67,117.67,5464375
6/24/2022,118.81,122.99,118.12,122.64,12212797
6/27/2022,122.48,123.73,117.68,119.82,3457164
6/28/2022,119.82,122.09,112.86,113.13,3694904
6/29/2022,112.93,113.72,110.04,111.87,2711793
6/30/2022,110,111,104.78,107.97,4249588
7/1/2022,108.77,111.98,106.83,110.97,2800258
7/5/2022,110.56,120.75,108.41,120.42,5315937
7/6/2022,120.68,123.96,116.57,117.06,4198147
7/8/2022,118.62,124.05,117.66,119.8,3261741
7/11/2022,117.16,117.54,107.73,108.38,5465160
7/12/2022,109.79,113.6,106.91,107.99,4205070
7/13/2022,103.64,105.4,99.8,101.01,7902955
7/14/2022,101.35,101.44,96.84,97.35,5552646
7/15/2022,97.86,99.97,96.11,99.85,4714444
7/18/2022,101.98,102.18,98.49,98.92,6516548
7/19/2022,100.4,102.22,97.65,102.08,2829546
7/20/2022,103.49,109.87,103.38,107.09,4298143
7/21/2022,107.5,111.27,107.3,110.85,2982121
7/22/2022,111,112.95,105.69,106.55,2656806
7/25/2022,106.39,106.96,103.91,106.1,2039827
7/26/2022,105.03,105.13,100.01,100.33,2878190
7/27/2022,102.16,106.46,100.55,105.91,3182827
7/28/2022,104.46,106.9,100.81,106.22,2380026
7/29/2022,105.49,105.49,101.01,103.86,3975872
8/1/2022,103.38,107.92,101.85,105.39,2386198
8/2/2022,103.04,109.98,102.9,108.16,2519945
8/3/2022,109.31,114,109.22,112.97,2653527
8/4/2022,114.07,115,110.14,112.86,2149790
8/5/2022,110,114.32,108.74,113.85,2639924
8/8/2022,114.77,119.82,113.82,114.74,2832491
8/9/2022,111.78,112.8,104.91,105.29,5822801
8/10/2022,111.35,112.42,108.8,112.01,3756635
8/11/2022,114,114.99,107.24,108.06,4067818
8/12/2022,109.41,110.09,107.28,109.52,2488947
8/15/2022,109.41,113.79,108.35,113.23,2737397
8/16/2022,107.82,109.93,103.32,109.19,7520089
8/17/2022,106.22,107.35,102.02,102.38,4257231
8/18/2022,101.76,104.57,100.64,103.18,3091727
8/22/2022,98.2,100.14,96.48,97.44,8274052
8/23/2022,84.56,87.59,81.13,81.32,31475420
8/24/2022,81.64,85.07,80.5,83.61,11133299
8/25/2022,83.6,85.76,82.43,85.72,5409744
8/26/2022,84.15,85.02,80.28,81.41,5927420
8/29/2022,80.37,82.95,80.12,81,5210989
8/30/2022,82,82.75,79.82,81.42,4142489
8/31/2022,82.97,83.47,79.34,80.4,4837961
9/1/2022,79.29,81.24,77.79,81.14,6795396
9/2/2022,82.01,83.31,80.05,80.79,4570864
9/6/2022,80.56,81.08,79.57,80.02,3576117
9/7/2022,79.96,81.36,79.34,81.02,4329567
9/8/2022,80.24,81.47,79.4,80.23,3674747
9/9/2022,81.59,83.7,81.54,82.62,3966735
9/12/2022,82.43,84.78,82.43,84.08,3928893
9/13/2022,80,80.15,78.62,78.86,4654485
9/14/2022,78.86,80.41,77.93,79.59,4196516
9/15/2022,78.64,81.97,78.26,80.21,4247486
9/16/2022,78.14,79.23,77.33,78.68,6150658
9/19/2022,78.06,79,76.75,78.32,4515016
9/20/2022,77.45,78.84,76.76,77.09,3157797
9/21/2022,77.83,78.83,75.32,75.94,3274078
9/22/2022,75,75.77,74.33,74.54,4116238
9/23/2022,74.16,74.95,73.32,74.45,3944735
9/26/2022,74.82,76.87,73.24,73.33,3068756
9/27/2022,74.9,75.99,72.96,74.26,3576451
9/28/2022,74.31,76.23,74.05,75.89,2856677
9/29/2022,74.27,75.22,73.6,74.47,2933170
9/30/2022,74.6,76.25,73.48,73.59,3539688
10/3/2022,73.91,74.87,71.69,73.94,4182048
10/5/2022,75.58,77.87,74.96,77.52,2604486
10/6/2022,77.73,79,76.96,78.35,2185828
10/7/2022,75.64,78.33,75.36,76.59,4464224
10/10/2022,75.99,76.2,72.29,73.72,4777496
10/11/2022,71.46,74.55,70.44,73.71,5389717
10/12/2022,74.29,76.55,73.4,75.22,3941046
10/13/2022,71.65,75.42,71.65,74.73,5754519
10/14/2022,75.75,76.9,72.14,72.29,2834850
10/17/2022,75.06,77.43,74.51,76.69,3431629
10/18/2022,79.52,80.78,77.33,78.23,3539368
10/19/2022,77.52,78.04,75.59,76.33,1955838
10/20/2022,76.67,81.5,76.58,79.96,4156944
10/21/2022,79.64,81.1,77.6,80.98,3312125
10/24/2022,80.4,80.66,78.18,80.61,2731610
10/25/2022,81.54,84.13,81.46,84.09,2992339
10/26/2022,82.35,85.46,82.19,83.37,2602046
10/27/2022,83.68,85.03,82.47,82.61,2579446
10/28/2022,81.74,84.25,81.32,84.21,2370847
10/31/2022,83.69,84.58,82.34,83.44,1908579
11/1/2022,85.5,86.31,82.79,82.89,1834899
11/2/2022,83.28,84.36,78.59,78.6,3381008
11/3/2022,77.8,81.23,77.23,78.39,3156403
11/4/2022,79.44,79.74,75.84,77.46,3969321
11/7/2022,78.07,80.32,77.26,79.61,3317812
11/8/2022,80.22,81.94,78.01,78.31,3987064
11/9/2022,77.53,77.53,70.92,71.84,6019832
11/10/2022,76.87,82.35,76.75,82.23,4908612
11/11/2022,81.46,89.67,80.05,88.32,5906383
11/14/2022,86.72,87.99,84.21,84.35,2883604
11/15/2022,88.25,89.37,85.72,87.44,2776473
11/16/2022,85.06,85.23,83.13,83.5,2709428
11/18/2022,83.34,83.61,80.14,81.64,3125282
11/21/2022,81.21,82.52,79.77,80.26,7234041
11/22/2022,75.18,77.44,71.9,77.15,15729440
11/23/2022,76.14,77.28,74.85,76.14,4938113
11/25/2022,75.31,76.99,74.83,75.4,2657967
11/28/2022,74.72,76.5,71.3,71.59,6250485
11/29/2022,71.66,72.62,70.29,70.57,4879279
11/30/2022,70.76,75.44,69.54,75.43,6213776
12/1/2022,75.89,81.69,75.86,77.43,4777665
12/2/2022,74.58,76.36,73.85,74.31,3296331
12/5/2022,74.26,75.22,72.54,72.9,2942953
12/6/2022,72.79,73,70.88,71.47,2661097
12/7/2022,71.25,71.47,69.74,69.87,3422126
12/8/2022,70.12,72.41,68.88,72.36,3056346
12/9/2022,72.33,73.74,71.85,72.16,2185167
12/12/2022,70.91,73.72,70.11,73.69,2836948
12/13/2022,77.53,79.38,73.01,74.05,4017849
12/14/2022,73.65,75.08,72.03,73.22,3570283
12/15/2022,71.68,72.31,69.81,70.2,3706246
12/16/2022,69.82,70.79,69.55,69.86,4695561
12/19/2022,69.41,70.25,68.85,69.09,3182483
12/20/2022,68.45,70.34,67.92,68.56,2936000
12/21/2022,68.71,70.96,67.88,69.93,3253741
12/22/2022,68.37,68.58,64.83,65.94,4180055
12/23/2022,65.61,66.66,65.01,65.89,2209187
12/27/2022,64.75,66.18,63.55,65.46,3581785
12/28/2022,65.25,66.85,64.77,65.36,2311161
12/29/2022,66.28,68.35,66.18,68,2135279
12/30/2022,66.55,67.82,66.36,67.74,1874555
1/3/2023,69.01,69.33,66.16,66.66,2797598
1/5/2023,66.8,67.12,64.93,65.62,2040108
1/6/2023,65.97,69.9,65.6,69.51,4079795
1/9/2023,69.81,72.17,68.58,70.08,3403017
1/10/2023,69.54,71.24,69.53,70.86,1851248
1/11/2023,70.98,71.37,68.7,70.01,3343545
1/12/2023,69.83,70.03,67.63,69.91,3177681
1/13/2023,69.09,70.6,68.63,69.49,2344180
1/17/2023,69.5,70.2,67.78,69.87,3776831
1/18/2023,71,71.37,67.43,67.48,3085849
1/19/2023,66.29,67.86,66.25,66.84,2180093
1/20/2023,67.08,69.77,66.69,69.5,2838607
1/23/2023,69,71.51,68.25,70.97,2835039
1/24/2023,70.79,71.84,69.2,69.43,2227885
1/25/2023,68.11,69.36,66.06,68.89,3202673
1/26/2023,70.43,72.37,69.76,71.58,2669993
1/27/2023,71.04,74.54,70.79,74.15,3556909
1/30/2023,73.09,78.44,73.08,73.5,7108356
1/31/2023,73.5,75.02,73.36,75,2832733
2/1/2023,75.48,78.5,73.9,78.11,3161119
2/2/2023,80.23,84.42,79.51,82.84,5428386
2/3/2023,79.62,81.98,78.74,79.54,3488154
2/6/2023,77.88,79.23,76.34,77.07,2862184
2/7/2023,77.49,85.13,76.01,84.66,14656771
2/8/2023,83.53,84.44,79.18,79.35,5372559
2/9/2023,80.46,80.66,76.46,76.77,4015914
2/10/2023,75.76,75.87,72.87,74.21,3305117
2/13/2023,75.1,76.51,73.6,76.48,2941291
2/14/2023,75.63,77.99,74.25,77.9,3308624
2/15/2023,77.67,80.8,76.99,80.77,2338422
2/16/2023,78.59,80.43,77.56,77.91,3205399
2/21/2023,74.02,75.15,72.27,72.47,2884858
2/22/2023,73.09,74.25,72.73,73.39,4489377
2/23/2023,74.37,75.04,72.66,74.57,2948375
2/24/2023,72.4,74.57,72.19,73.93,3062819